dio_messages_per_sec,dao_messages_per_sec,dis_messages_per_sec,packet_loss_ratio,fake_dao_ack_count
5.496714153011233,2.699677718293001,0.7974465175076856,0.08368662065356458,0.0
4.861735698828816,2.4623168414563845,0.9566443987853447,0.09852104858622968,0.0
19.158143481907437,2.029815184960087,7.514377600327924,0.3988579362903997,3.0
6.523029856408026,1.676531611147213,0.9076115411082879,0.09727512695181793,0.0
4.765846625276664,2.349111656806795,0.4319155999138643,0.048811048281240214,0.0
11.405919181733656,2.196742692710875,7.123916707620932,0.3292951186544609,1.0
6.5792128155073915,2.447596610013866,1.0003616426086672,0.014531457427241792,0.0
5.7674347291529084,2.3175859008409847,0.7548734106795428,0.014748873207364236,0.0
4.530525614065048,2.5247763576596673,1.1977737005297215,0.07228101303519893,0.0
5.542560043585965,1.732382394219716,1.2812710412879675,0.05121360949906252,0.0
4.536582307187538,2.658697032817163,0.5177320406893078,0.030386946343249517,0.0
4.5342702464297435,2.0987998023462,0.7711825664301357,0.06525732756927094,0.0
5.241962271566035,3.0376304363126327,0.7692572950638106,0.03275723064251001,0.0
3.086719755342202,1.655406090955216,0.7180290696673406,0.06198685789099804,0.0
3.2750821674869672,2.867981901582625,1.2488424525795245,0.04232878722844214,0.0
4.437712470759028,2.098955391731324,0.9418521583681589,0.08411970039506372,0.0
3.9871688796655764,1.6742909981927758,0.9206455476068167,0.08386265446901014,0.0
5.314247332595274,1.7580570829728392,0.398841290677974,0.05296153583101613,0.0
4.091975924478789,1.8398263459028399,1.190625409062768,0.04157371984015141,0.0
3.5876962986647083,2.212082973200958,0.6282224815439583,0.04263038169031851,0.0
6.465648768921554,2.26141774401775,1.0179797890798985,0.08251430731013962,0.0
15.010402369846034,1.7131499980307106,7.863802664775434,0.46080569029770424,1.0
5.067528204687924,1.9878227038695087,1.4081975787515952,0.028815343633616146,0.0
3.575251813786543,3.071135179305932,0.6073538802642664,0.3634946834300054,1.0
4.455617275474817,2.8637715850503556,0.09414635325375242,0.052002380879596764,0.0
5.110922589709866,2.2181618348370162,1.0551548634261085,0.053391888902785775,0.0
3.8490064225776974,2.0190017390841,1.5401533544532562,0.08568178393626165,0.0
5.3756980183456715,2.0600156633591307,1.3716839058818313,0.029911482680145762,0.0
4.399361310081195,2.3067589863652085,1.0628978245823877,0.044289214630156,0.0
4.708306250206723,1.4886037174007973,0.8525091443103858,0.08275651650043218,0.0
4.398293387770603,1.8713117312883274,1.242136778991193,0.3937783679069118,3.0
6.852278184508938,1.1657079630612053,0.7079361400886595,0.044614996838089144,0.0
4.986502775262066,2.1996115613026395,1.1429073308068658,0.05132116209580129,0.0
3.9422890710440996,2.3235979698513707,1.151641047749988,0.03729573017643547,0.0
5.822544912103189,1.758406768850313,1.318062972249664,0.0939299390577381,0.0
3.7791563500289778,2.7869933816450163,1.8278980116733234,0.02067793891674223,0.0
5.208863595004756,1.3871171684988295,1.11772479015363,0.09403744807013231,0.0
3.040329876120224,1.26781255989509,0.8473109122877504,0.0715479806651809,0.0
3.6718139511015693,2.112225909279986,0.9923277063424016,0.05784149374180581,0.0
5.1968612358691235,2.523549151306077,0.4692772285332646,0.01293931547060463,0.0
5.738466579995411,2.8419638457289342,0.7915860606732825,0.05280365726398075,0.0
5.17136828118997,1.7705578685655299,0.8772152685660688,0.04669732945024591,0.0
4.88435171761176,2.539340416715648,0.8427734806196223,0.024509693077761033,0.0
4.698896304410711,1.9807457652496463,1.0457064616101166,0.06907686431505913,0.0
3.5214780096325726,1.9136863500295902,0.7532740202853399,0.09740358166314572,0.0
4.280155791605291,2.441829968743336,1.3363092001973413,0.060596992995807265,0.0
4.539361229040212,2.32616143920671,1.000062119475459,0.07432779487995513,0.0
6.057122226218915,1.2118039215078753,0.9972099036584157,0.01616054073094151,0.0
5.343618289568461,2.738270174862948,0.9016315850461246,0.04759002962352953,0.0
3.236959844637266,2.6900456770737255,1.0465572051576937,0.020472263664804632,0.0
5.3240839693947954,1.6872186492452352,1.2475294794002905,0.06515162519828595,0.0
16.742935737000245,2.1979017667187044,9.899777236791392,0.24908486124148288,1.0
15.39191079513633,2.2470150931413695,6.275467164161897,0.4637973390087682,2.0
5.611676288840868,2.1303368829119536,0.9088821913670007,0.016912274348297937,0.0
6.030999522495951,1.7248474230772899,0.5962387229580355,0.04191995844865746,0.0
5.931280119116199,1.6641883160309743,0.7542226420835507,0.059559704149676644,0.0
4.160782476777362,1.9872229645042774,0.8571337379366023,0.046288698051992705,0.0
4.690787624148785,2.586364509629682,1.2623167542138183,0.08502796094276552,0.0
5.331263431403564,2.271800077297216,1.0787683987005774,0.08332039042389904,0.0
5.975545127122359,1.814692833956947,1.0580769734102633,0.4471239163852401,3.0
4.52082576215471,2.385849355324172,1.2552693886503916,0.04361121506194348,0.0
4.8143410233361825,0.5757286896849623,0.958788463480181,0.03298027363869198,0.0
3.893665025993972,2.5743828501860517,1.1171394549786668,0.01952868863918164,0.0
3.803793375919329,1.13014311061095,0.9690334741202511,0.3721787408368947,4.0
5.812525822394198,1.818779529298434,1.0796087048198886,0.04718552654869476,0.0
6.356240028570823,1.440165052686928,0.8251724027165254,0.07082406325936663,0.0
4.927989878419666,1.352659262139547,0.26835485251707125,0.06923438418678161,0.0
6.003532897892024,2.58041339368926,0.9597162513441088,0.016309732567713127,0.0
5.361636025047634,1.7661493993440542,1.426824440829982,0.04557333838880421,0.0
4.354880245394876,2.1732519408653577,1.2778646206724777,0.026360098049562575,0.0
5.361395605508414,1.976539710560408,1.2896192453773512,0.024113143478512514,0.0
6.538036566465969,2.238520413611561,1.3708392165418655,0.08445719347635214,0.0
4.964173960890048,2.038410945530128,1.0265972772884313,0.01377236950446318,0.0
6.564643655814006,1.3585038879057152,1.0591947122216787,0.04772645883119093,0.0
2.3802548959102556,2.49813340972357,0.814704431369695,0.02513832901898664,0.0
5.821902504375224,1.7531217084193438,0.905178143191885,0.08913971941106266,0.0
5.087047068238172,1.2217090506701245,1.1847313449313424,0.06013364619475317,0.0
4.7009926495341325,1.7859424195170437,1.3611653311506449,0.030824257273916328,0.0
5.091760776535502,2.750379895317155,0.9581661172957001,0.05521845584497388,0.0
3.012431085399107,2.4251108710567464,0.8649432205445765,0.07583377237328043,0.0
4.780328112162488,1.8256739327960705,1.0001583876569793,0.09623062080274905,0.0
5.357112571511746,1.8253711478407857,1.1803620246787345,0.02984014038208771,0.0
6.477894044741516,1.8391824743913088,0.5668435551599375,0.08975635949164107,0.0
4.481729781726353,3.0383739917804204,0.3111457140588286,0.09408737027507413,0.0
4.191506397106813,2.1909677261157765,0.8348389451525249,0.09247784900788597,0.0
4.498242956415464,2.215020823595535,0.6337862722257523,0.06718729211757189,0.0
5.915402117702074,2.515141727015921,0.8475579407058067,0.06668385889912369,0.0
5.3287511096596845,2.1193945795132567,0.9556659043547585,0.046288956986544054,0.0
4.470239796232962,1.8704789270896485,0.864025477293096,0.07771580940734091,0.0
5.513267433113356,1.9018250754575108,1.4357402603412237,0.057816461651583884,0.0
10.749600434700131,1.964199370292968,6.115049117668665,0.39626613860870386,4.0
5.968644990532889,1.981388881745079,1.0901423078832484,0.048561211346391596,0.0
4.297946906122648,2.36381477181849,1.1866621432130207,0.07583468176388251,0.0
4.672337853402232,2.0259729429036497,0.6583500646657693,0.08420243658440942,0.0
4.607891846867842,2.36632003860779,1.3117335362260807,0.02317926309425345,0.0
3.5364850518678814,1.9596417099457089,0.977270714039362,0.08496367440168053,0.0
5.296120277064576,2.039317595158045,1.2011441851723639,0.05862668786112766,0.0
5.261055272179889,1.0008996577339462,0.6784428300879534,0.08601993181812019,0.0
5.005113456642461,2.4581638373512407,0.5338723701951807,0.04881715357069132,0.0
4.765412866624853,2.1732442379489965,1.2453668974075085,0.04411364368447316,0.0
3.5846292579495858,2.499005054929826,1.112922857829255,0.09235546592655003,0.0
4.579354677234641,0.5518723109031554,0.7293845336927469,0.03260523407935612,0.0
4.65728548347323,3.044187352390364,0.7391010756175918,0.08597910927575288,0.0
4.197722730778381,1.9302051859224132,1.3376304353244308,0.053561851525846374,0.0
4.838714288333991,2.554091408368758,0.6431764321398017,0.05626858982961338,0.0
5.404050856814538,1.4800470364372345,1.4928018859767889,0.037762145334053566,0.0
6.88618590121053,2.306386952531285,0.7298137796056394,0.06157379805571142,0.0
5.174577812831839,1.4732922184131718,1.1915175776825149,0.039269007664859024,0.0
5.2575503907227645,1.6881155196520974,0.9014144572753047,0.013534247281748709,0.0
4.925554084233832,2.957015676933393,1.180956229324703,0.034479874480992045,0.0
14.386490184359845,1.9046587996183266,5.193784677770912,0.4699229235226615,2.0
4.973486124550783,2.1087164365898614,0.9511621281783117,0.0980519308351171,0.0
13.116529166546488,2.4350338653443773,7.626591322253606,0.47856665986824076,2.0
7.463242112485286,2.2478409439863025,0.6993437632655581,0.04556397677250746,0.0
4.807639035218878,2.075209452571788,1.2222473036260377,0.07555337689056814,0.0
5.301547342333612,2.1824805012331128,0.8460359300585244,0.04112254885693825,0.0
4.965288230294757,3.2017077926191373,0.9314200253979944,0.07039838413773786,0.0
3.8313219623804677,1.9711906014832072,0.7016951876174463,0.08248870387413812,0.0
6.1428228145150205,2.1005495233574836,0.23129990236140685,0.09520806202230167,0.0
5.751933032686774,2.525327198003806,0.9426916712199493,0.04601910482647049,0.0
5.791031947043047,2.552762966478992,1.7237846264838748,0.0804968184660443,0.0
4.090612545205261,2.5935151527801903,1.2353812863694071,0.4687447194680584,1.0
6.402794310936099,2.3193651110145925,0.9942218860796816,0.09912990734142836,0.0
3.598148937207719,1.4284975436347582,0.9211327512375197,0.012319263888791603,0.0
5.58685709380027,2.8167157661505478,1.0067397678436139,0.06431759258510089,0.0
7.190455625809978,1.426827303490656,1.164135734552563,0.06935553834861945,0.0
4.009463674869312,2.1513177326195168,0.6457561554073465,0.0719241001366716,0.0
4.433702270397228,1.622862074990321,1.3342965084006617,0.02083488209101801,0.0
5.099651365087642,1.9679308267035038,1.2146143946323733,0.09446768051258174,0.0
4.496524345883801,2.16438120515174,1.2154557177123804,0.02630649511450745,0.0
3.4493365689338673,2.1606786077251368,1.1315427216429181,0.0660478062915857,0.0
5.068562974806027,2.2109603771176425,1.005884997308197,0.03004084712107765,0.0
3.937696286273895,2.8068556345293234,1.2018583707900459,0.03764947753191438,0.0
5.473592430635182,2.2267671507569897,1.1775442401224134,0.0591812687555312,0.0
4.080575765766197,1.8779216823546756,0.8937877867176929,0.04754740767081189,0.0
6.54993440501754,2.482043584144179,0.8279194681309298,0.44549234530259085,4.0
10.652767575664638,2.59473524446232,9.109196613764514,0.4923317931915426,3.0
4.677938483794325,1.3861960924315038,1.464706045448556,0.047633030934651974,0.0
5.81351721736967,2.298700034924929,0.6282678773038297,0.07815546804479506,0.0
3.769135683566045,2.3505863711554493,0.559742420274268,0.09081681821630097,0.0
5.22745993460413,1.851218248320004,1.049428252370955,0.017571489603344457,0.0
6.307142754282428,2.68785340665581,1.0152663105568054,0.045379351680346104,0.0
3.3925167654387725,1.9249722064837367,1.0520024993111226,0.019022100735058896,0.0
5.184633858532305,2.0627882267357713,1.0731859593725501,0.01149332325693381,0.0
5.259882794248424,1.913464087858065,0.9330393236095584,0.0695546814379561,0.0
5.78182287177731,2.0077895237907337,1.4469590315806247,0.0642204497769929,0.0
3.763049289121918,1.4518624565523992,0.5197288064570453,0.02467172024333976,0.0
3.6795433869157237,1.2799745587028528,0.7514508925659262,0.031043154978375773,0.0
5.521941565616897,2.797252531612486,0.9690235719552858,0.012133697828006655,0.0
5.296984673233186,1.576519325840836,0.5070433566537498,0.08514524851249634,0.0
5.250492850345877,1.5043038252718464,0.9472436786703786,0.09772215364436963,0.0
5.346448209496976,0.9233049431981426,1.4984410497184055,0.022191358311522174,0.0
4.319975278421509,1.6805191261552488,1.0062659464887886,0.03083276923887683,0.0
5.232253697161004,1.3384551032962508,1.0692102717156051,0.08815685715522407,0.0
5.293072473298682,2.8210075800681844,0.621950570448226,0.09338174181605664,0.0
4.285648581973632,2.5049085446713173,0.8150915775881568,0.047766464452612935,0.0
6.865774511144757,1.655924827411138,0.8874410859028189,0.014556022504216672,0.0
5.4738329209117875,3.1262179026721544,0.9046854709731298,0.013545265032353747,0.0
3.8086965027973516,2.490882743495797,1.3844931385011305,0.061655487946210945,0.0
5.65655360863383,1.8375843082456889,1.1673073182175373,0.4395667514391797,3.0
4.025318329772679,0.7502971425632134,0.6665626129188904,0.012578718481988906,0.0
5.787084603742452,3.145471286295371,1.0739514335296014,0.062492715308130116,0.0
6.158595579007404,1.305213766618202,1.1494665245490356,0.3097697895853423,1.0
4.179317681648289,1.177300626521554,1.34204471155638,0.08086347623343457,0.0
5.963376129244322,2.5112852160048202,1.474162205970512,0.03757895404330344,0.0
5.412780926936498,3.2198762031696364,0.6954717424516395,0.01362322027083089,0.0
5.82206015999449,2.692136409255259,0.7567427466368986,0.0629516998884838,0.0
6.896792982653947,2.28195456002618,0.6227266423256151,0.04579159729897493,0.0
4.754611883997129,2.297377170832643,0.9297940422679056,0.09764203720214346,0.0
4.246263835642511,2.4267077793901537,1.1399075123339004,0.058977879625333206,0.0
4.110485570374477,2.3794642948933826,1.2962003549767305,0.034771526293330746,0.0
4.184189715034561,2.140595711984688,0.9772146929072432,0.07384949781705773,0.0
4.922898290585896,2.052100551975938,0.9040457430235468,0.034434280228844025,0.0
5.341151974816644,1.968703436050239,1.0455273976746222,0.09138189622668086,0.0
5.276690799330019,1.623017705566662,0.7494571295109931,0.043724977345663885,0.0
5.827183249036024,1.859662461566613,1.626861616508432,0.05948817064985848,0.0
5.013001891877907,1.1535215929023073,0.5177016918645825,0.0145515793441806,0.0
6.453534077157316,1.950830186602625,1.0554221736687173,0.048350911415700776,0.0
4.735343166762044,1.5057044464245413,1.6070818657688917,0.08491271856948955,0.0
7.720169166589619,1.4482053413921145,1.0020399533679993,0.08250839248270078,0.0
5.625667347765006,2.089947075576739,0.9429882894995517,0.030188670296817363,0.0
4.142842443583717,2.6960011431722997,0.8927663731568718,0.030347116390950647,0.0
3.929107501938888,2.4591583030011566,0.9458824954712777,0.08355747809919131,0.0
5.482472415243185,1.2147496981884114,1.411854542402959,0.0937358578152393,0.0
4.776537214674149,1.5051859317148313,0.33644142660114795,0.01858248291457032,0.0
5.714000494092092,2.470385593994108,1.4600301103888977,0.05050527754836028,0.0
5.473237624573545,1.5087563032308453,0.5728128542649564,0.040370885106780614,0.0
4.927171087343127,1.8876834250014878,0.9200043012296756,0.08836196099116954,0.0
4.153206281931595,2.275026049512276,0.8712266739104014,0.01751724232120169,0.0
3.4851527753141354,1.5158277725681824,1.176565980931216,0.029001334830223366,0.0
4.553485047932979,2.05268775307298,0.5205626944348758,0.07772215038278449,0.0
5.856398794323472,1.3329872525408977,1.1386517998245829,0.014616446408309404,0.0
5.214093744130204,1.699316178024393,1.6072928869860559,0.05432818426428604,0.0
3.754261221288012,2.1598909670712683,0.591047798622157,0.049789633121174806,0.0
5.173180925851182,1.2035031332341655,1.0569118502831187,0.04009610610898738,0.0
5.3853173797288365,2.2202373689801993,0.8014053466610173,0.045511508378703144,0.0
4.116142563798867,1.9901811005366594,1.1277661618579107,0.05769465282372097,0.0
5.153725105945528,2.2762449772085738,1.0057443332247256,0.024523062254954483,0.0
5.058208718446,2.1119570670323307,0.8075539272867072,0.06147962904552336,0.0
3.8570297021693767,2.682070214986922,1.146361685461322,0.08248890963699877,0.0
5.357787360348283,2.0626122513239538,1.5413044329360228,0.07841448368111431,0.0
5.560784526368234,1.7852972294373735,0.9427288624818104,0.26379928595340285,3.0
6.083051243175277,2.061148751516142,1.2159273826444545,0.023432452276732654,0.0
6.053802052034903,2.271649014518194,0.6120181126386509,0.0341356930970422,0.0
3.622330632042909,2.0244300351628524,0.7130690869545974,0.04249672537069336,0.0
4.062174960084877,2.0202958456019413,1.1417218833641132,0.04676100232676344,0.0
5.51503526720866,1.6490041560966224,1.4452348085607896,0.07117274951500108,0.0
5.513785950912209,1.668549541224526,1.106684004635698,0.39302868485519926,4.0
5.515047686306048,1.2986973641001534,0.9060825908430536,0.013120543380345975,0.0
8.85273149065472,2.8747883715934694,0.9997874216270062,0.04527195066495182,0.0
5.570890510693167,1.3780683823043574,0.6248776798090847,0.07274473229241825,0.0
6.135565640180599,1.6535474011020463,1.18135459790661,0.027409180866083432,0.0
5.954001763493203,1.6407963672154013,1.2646999186970227,0.06773540331306266,0.0
5.651391251305798,2.4474621884722207,0.864372900150076,0.03338453241462695,0.0
4.684730755359654,1.852525160853986,0.8589873556721496,0.08974774979321648,0.0
5.758969220493268,2.623871036336867,1.0797634688956146,0.09061209498399549,0.0
4.227174785462428,1.6632546878780659,0.8689840791878214,0.2659585869106931,3.0
4.763181393259991,2.139497081111901,0.9801602156122533,0.03069943785669165,0.0
4.514636452170897,1.5823264733701214,1.6299165367499546,0.04701735748596082,0.0
5.081874139386323,3.072574563886694,0.925892289776201,0.031647842666213385,0.0
7.314658566673509,1.4062007904852436,0.8924979543936333,0.07051454589625333,0.0
13.015868698735515,2.154910355113514,5.941512624585532,0.48371453253230734,1.0
5.686260190374513,2.316888440466049,1.223257591449981,0.3584567785269068,2.0
3.3872841288103483,2.2068995487257492,0.9456327480345691,0.08419154025244145,0.0
4.528068134210566,1.907356170561146,0.8051880885035723,0.04572929459867268,0.0
6.088950596967366,1.9350896501332868,1.3963912096819036,0.024068527363797478,0.0
5.064280019095463,2.021905735989555,1.4258809013540912,0.07641558526578329,0.0
3.922255222070694,1.9264989991857557,0.8198729302783885,0.04244270546273986,0.0
4.284696290740031,2.481939558397455,0.44003801459181513,0.07041437427062193,0.0
5.679597748934675,3.1052615007956756,1.3022541069510767,0.034357954778358915,0.0
4.2696333682828636,1.7212541074960832,0.7946110522719988,0.01731066713260054,0.0
5.216458589581975,1.315098510210461,1.2371876797488306,0.09933236159389872,0.0
5.045571839903814,1.9558589758243725,0.4089688546864494,0.02405813571375394,0.0
4.348399652394183,3.289854668827159,1.2677792014897928,0.0989578894567133,0.0
7.143944089325325,1.5981627160151346,0.6366484212157657,0.09795519393098026,0.0
5.633919022318011,2.8195584027220337,1.2192292357199572,0.08144362935172357,0.0
2.974857413342393,2.8388504070382203,1.0042819203509303,0.06934806658737978,0.0
5.186454314769428,1.7232058791460028,0.7138181741810066,0.06200263452259763,0.0
4.338213535231612,2.2844915395926377,0.8778891061219658,0.08794913908400513,0.0
5.852433334796224,2.814198311564269,1.2058955370870101,0.036049556945753916,0.0
4.2074792615673,1.8104361295062565,1.0317683359345702,0.05209130912363894,0.0
4.885263558533101,1.898209819948819,1.1753238941417452,0.06574509724298518,0.0
5.504987278980457,1.709159543025678,1.5929321753546457,0.0470071428282542,0.0
5.865755194170122,1.4926216346535666,0.5307275164866846,0.04847378086812412,0.0
3.7997035929442236,1.6753612274669964,1.485163772490587,0.0397256200751876,0.0
4.665498764159052,1.3880298666188717,1.0313067812569638,0.06078086350160825,0.0
4.5250546888390435,2.017041734129613,0.7303647855030615,0.08655170752136045,0.0
4.346670767426288,1.615013384470679,0.6009059122783031,0.02813755402056816,0.0
6.765454240281096,2.116892955895374,0.94326388276689,0.09409897348780973,0.0
5.404981710960955,1.2220521768981865,1.2764950335773377,0.07201788883734067,0.0
3.7391160456649546,2.1654401161072285,0.9617352638867397,0.08409458914120271,0.0
5.917861947054776,2.416764480804462,1.4533464790742041,0.33478044753969105,3.0
7.122156197012633,1.0031321787142722,0.5646472929845323,0.08015650312816572,0.0
6.032465260551147,2.187028284923786,0.9963733156461836,0.011458035760552049,0.0
3.4806300340459866,2.613834496236646,0.6242819666760643,0.08365423823015818,0.0
4.5157659271337485,1.3951794906543973,1.1090895647874903,0.013612497317682987,0.0
6.2669111491866225,2.836286193418852,1.26606621702919,0.4385034610785411,4.0
4.292330534381219,2.2095095046830227,0.873771461895684,0.0992766472514779,0.0
5.443819428146228,1.6474940721207956,0.21873584301185978,0.036466071595910005,0.0
5.774634053429336,1.9721154611711469,1.0596844440389483,0.028928670065721432,0.0
4.073069528421917,2.279163456260861,1.1310215655200528,0.07888270274722367,0.0
4.9404746439382,2.0380026957062056,1.1212884264885092,0.03277237068282279,0.0
1.7587326599309274,2.2693779962231844,1.3707346575466461,0.08790061448549831,0.0
3.9756123586657104,1.5396632034603168,0.6786838961052853,0.019255833294172905,0.0
4.74743184860684,2.084680412018039,1.2040648316351348,0.021335967674142246,0.0
3.7522168180351505,1.29314275154751,1.3577522537433926,0.0981236399590554,0.0
6.632411303931635,1.94438696932565,0.46642372479804495,0.07064550084430042,0.0
3.5698586220393675,1.548046179267605,1.095895547775693,0.08621985019860576,0.0
4.5599555133030165,1.6322350287051166,0.8487460506976986,0.03918964396163663,0.0
5.130740577286091,2.618046587605219,0.9755431980695062,0.0708835374568544,0.0
6.441273289066116,2.5456550602971344,1.104302945061501,0.06348176445777376,0.0
3.5641378488205606,2.3045690604535887,0.8538314307659343,0.06428351081106523,0.0
6.16316375215496,1.4538436176637104,0.7972875762515165,0.07142792135839494,0.0
5.010233061019587,1.841795775152599,1.0102457252464074,0.06178232558161888,0.0
4.018491348952049,2.6065488499895917,0.6738262183411592,0.048615613237239945,0.0
5.46210347426327,2.0708584568199524,0.6742524613344444,0.03483304249424922,0.0
5.19905969557347,3.1596647699908473,1.203811984886951,0.22651909014402752,1.0
4.399783122841205,2.1966589196971857,0.6553617894524032,0.03036451870028676,0.0
5.069802084990019,2.096024558245016,1.1998937502727636,0.07231188755389728,0.0
4.61468640313824,1.8454417678987494,1.1387773878561853,0.4416488138096733,1.0
5.113517345251248,2.066770452391141,0.48225798136282105,0.06627971529590086,0.0
5.6621306745210465,1.923765081809728,0.7967306042993034,0.07723704404161261,0.0
6.586016816145352,2.3540543383442953,1.3582328209142118,0.02968425000158853,0.0
3.762184501173151,2.478351158397292,0.7056503406580955,0.015394897077517747,0.0
17.15620716971786,1.6070052697460253,8.434707175017552,0.2781209326363725,3.0
3.047912200477498,1.334383523221111,1.138618267975569,0.0645397270543923,0.0
4.848214904964417,1.0818973134483518,1.2350171527847786,0.0864501765603162,0.0
5.588317206484577,2.253995663456272,0.9245383341866513,0.014049713911188193,0.0
5.2809918677350325,1.4483166969130632,0.8207469415925075,0.07607361331374816,0.0
4.377300480179406,0.9235547035237586,1.4267109585095523,0.49512051010272734,4.0
4.791877749642725,2.194289302265482,1.5216698991392736,0.05306755329275704,0.0
4.506999065341168,3.2464997587163955,1.2936574152345386,0.09359735948610091,0.0
4.410635243055788,1.9969645442300534,1.0255954427695073,0.0398774354262261,0.0
5.849602097021025,2.419245387225821,0.7575202835077222,0.05188032405455375,0.0
5.357015485965047,2.0409146792737825,0.7508666780330304,0.0112314173284613,0.0
4.307090404739346,1.9505551734044286,1.1567542315797272,0.017343884800435454,0.0
14.458866198598077,2.4595382414938842,8.542917728839125,0.34902302840179533,4.0
5.307299520876609,1.8548627279056744,1.4204795778839288,0.012506701673896697,0.0
5.81286211883896,2.1336961570359514,1.1951350277608417,0.0668237793443426,0.0
5.629628841923612,2.1608489030980067,0.5490759094720546,0.04837585211214603,0.0
4.171004989077928,1.6659547731784756,1.3155842853168755,0.05933306824552199,0.0
4.439818959803031,2.4960211747682615,0.7005818118056761,0.025718246730669664,0.0
5.747293605123262,1.9125201216522956,0.8848086184142945,0.03663388264929546,0.0
5.610370265433465,1.6221274202535776,1.0750600618755084,0.06974420273674527,0.0
4.979098406035852,2.2682549217852017,1.5987002469351892,0.09687724512673598,0.0
5.117327383308782,1.5507660091044815,1.9329755668016082,0.014537509624198829,0.0
6.2776648957884245,2.014090578684564,1.1820169177408548,0.09013458887697395,0.0
4.40842861116417,1.9954405016778982,0.9450410143838837,0.06191930811800877,0.0
5.547097381170038,2.542947782915789,1.160351694544165,0.06075276100800614,0.0
4.797807347566106,2.2373491164399764,1.2662966277621508,0.05502506816869844,0.0
4.782318796772779,1.9874865206274281,0.9037997123328425,0.016245467731376508,0.0
6.09877685198719,2.4088831496001437,1.5385634067736966,0.01808891665625446,0.0
15.825337774407359,2.695103774508657,8.418941004449373,0.3895640477740655,3.0
5.813509636000639,2.278905153175931,1.1493229267274183,0.04068627142920025,0.0
16.283471175494444,2.00517630992169,5.920506616804785,0.45758003209474946,1.0
5.021003841632759,1.3440818838249202,1.1264759831843367,0.04659314836235251,0.0
5.6819529712949635,1.4674431684623137,1.2516821501408837,0.28226386673724413,3.0
4.689733243406544,1.847387647822666,0.814824044035923,0.07432469501518324,0.0
14.490377603699617,1.6952438989203584,7.296518441065369,0.46090876545549014,3.0
4.869856945632315,1.906514348507277,0.6699537301084915,0.05729232766203039,0.0
5.096995964992718,2.0283249624485538,1.131850369186068,0.0728049506954653,0.0
5.595157025436913,2.2648463771783653,1.2336809510536342,0.09102377000818634,0.0
4.181779316766527,1.9647506109704544,1.1373318598455657,0.08129720753215085,0.0
7.092387275685461,2.243250821913101,1.5023477300042611,0.07087249610854518,0.0
3.993982618500298,2.03223720740506,0.9983211943512861,0.07116698641556293,0.0
19.810448622544655,1.0122667168230643,8.309053642872124,0.3014692901951855,1.0
6.158110873500068,1.5303323030906228,0.6724897371582057,0.03662416877468825,0.0
5.791662693962936,1.9279562221391924,0.8838700892576797,0.010100088477656867,0.0
5.624119817052155,1.3951526285794462,1.2086613272697333,0.034475910345837885,0.0
5.62834550926428,2.299964364998102,1.2547306332229433,0.029610224166406962,0.0
4.987753227153085,2.7653754161718487,0.9118099157007453,0.06956511266025985,0.0
13.223248244694249,2.6093809258486584,8.884468741024364,0.2985711898196883,2.0
5.075804558193727,1.893278564534896,0.5446378759957572,0.06341152444342515,0.0
4.322838288487889,2.745363068424976,0.8928912397580172,0.011461909888850833,0.0
5.975119733417751,2.0743337286010557,1.267114949055936,0.07559002490055827,0.0
4.8529426184978615,1.8314570144409803,1.17256150483197,0.03911773712369424,0.0
4.1745028032074885,1.6932986682295301,1.150199716414363,0.06985503901059681,0.0
4.678614158347006,1.8487651567559358,1.014932106154288,0.060092058565193805,0.0
5.412931454275625,1.8059115907293857,1.0021189475884529,0.04084578328851165,0.0
4.436275447196025,2.085208111187744,0.8019036581579659,0.022111864039369697,0.0
4.177779604433568,2.0802869905249324,1.2096485260607603,0.018497700789443287,0.0
5.243687211491912,2.001523010076707,1.126291883316817,0.08483664998010013,0.0
5.244966571108723,2.218469084873175,1.1476056543978397,0.09265577878734023,0.0
4.49305682462887,2.5953231373931707,0.8421895471997258,0.06848092420878697,0.0
4.528961694381677,2.474777067720662,0.3539971240386267,0.019309070337443505,0.0
5.232049937357636,1.2575510157750482,1.3291458135261087,0.04618244951994167,0.0
3.5519156585026757,0.7230394325490226,0.8563487631974788,0.07560452800946416,0.0
17.374314414271222,2.467159955619637,6.264187003451447,0.25243438546248015,3.0
4.281555778747564,1.3165606507922893,1.2080436735741982,0.020639676006197975,0.0
4.786552848288153,1.8876172990536582,0.8823962080242611,0.010002764696084418,0.0
5.310907565598004,1.4149434869703201,1.3179809152139865,0.07409233412925445,0.0
6.475356216949552,1.0990097812099902,1.1851017848730092,0.042093655838758515,0.0
5.85765962320202,2.270731364102394,1.2050707969601433,0.032903319845643424,0.0
4.840061470036573,2.3795775801513233,0.5902132866398397,0.01116077228105729,0.0
4.9809837920973115,1.7117447996366404,1.3635831956159201,0.05862694660853498,0.0
3.997470635362191,0.7044788539275451,1.0783751593701567,0.08660356618833837,0.0
4.98148686400761,1.7268777758737586,0.889216858226139,0.09618684816453292,0.0
4.711341361079862,2.1959020027012732,1.0430165402026754,0.06091704555519604,0.0
5.32271856033809,1.2605442156129356,0.467129430130504,0.056301519496590485,0.0
4.172769056447677,2.0916799598895777,1.1225958434442012,0.0176550746940317,0.0
5.519346514241172,1.9923450754135021,0.6911885475453785,0.059398552138833986,0.0
6.532738913002578,2.289645749800544,0.5941989142469397,0.04419811710688552,0.0
4.891239851543142,2.0597901842070767,0.5432922441346326,0.44644137583285726,4.0
5.401711722098941,1.5134655295592223,1.3338065124969776,0.04498537130888921,0.0
5.690143991711112,2.598285750832246,0.8112209818921634,0.03162692111053301,0.0
4.5987795281141635,1.920735213486515,1.4601183129749498,0.018546874770553886,0.0
5.224092481810417,1.986347730245034,0.8392595610843107,0.03834266001300062,0.0
5.012592400781795,1.533366020463402,0.48779261272211605,0.018698035085897707,0.0
5.097676098548832,1.778358874404245,0.6650426680154022,0.025920725574158553,0.0
4.226990216144533,1.5575986429865496,1.3707434860020815,0.3001707414579662,4.0
5.024510174258943,1.9135269700382884,0.9532305466189998,0.04996932012159568,0.0
5.49799829124545,2.8558542400711717,0.8355138110528197,0.43451869670142784,4.0
6.451143607795042,1.3140494285343218,1.0480054677558364,0.08862566758634939,0.0
10.334235724355038,1.1932193010616294,7.898964219164775,0.29424861915109163,1.0
7.153182457511557,2.735585163746804,1.3352196447707383,0.062444300441021346,0.0
4.23265243711195,1.895338161424067,1.434549768967878,0.08312264389397545,0.0
5.872320636720678,1.6654636306700417,0.8920694062632742,0.03942469219030078,0.0
5.183342005738352,2.519952343698038,0.6021856941753885,0.0375169561702562,0.0
7.189802933217672,1.6971922301315678,0.8759604516630172,0.04624333488951042,0.0
4.191701714644848,2.913004856773468,1.0780841519748658,0.07052565364062843,0.0
4.160278157819224,2.3389629356696346,0.7108723221368167,0.25683302995022084,4.0
4.400607354555978,1.7560442959271487,0.7128547255314872,0.038371549118450574,0.0
10.752787166516736,3.0786541066327517,5.5619851358800645,0.44845576079703586,3.0
4.474244978319239,1.6971425384983307,0.9854042945288647,0.06691566308189578,0.0
4.240867338446302,2.3710476860046534,1.009839098623476,0.021549327596988806,0.0
5.150393786476208,2.149646290203246,0.7724513995899791,0.06206432574063971,0.0
5.3417559757771595,2.650870644699399,0.9308797857382698,0.07240799152506781,0.0
6.876170839215886,2.7807555983634265,0.7227300567195087,0.07305503467550065,0.0
5.95042383818605,2.0160020745328833,1.267059523337436,0.3661938461660242,1.0
4.423096344337597,1.6232910648269083,1.3105748004171258,0.08855734794090982,0.0
4.101585328651642,2.229986071469558,0.44614364132857187,0.05499630927683097,0.0
5.491919171506506,1.6611423151239468,0.721146741942277,0.07572242705766141,0.0
3.6797667929793576,3.0066936237633115,0.5510412234729762,0.06572554618292531,0.0
12.230863345289748,2.0682676655413688,7.728343324843173,0.2616864463098023,3.0
6.179440120721287,1.8173392243439457,0.9749686090628917,0.012312068038246735,0.0
4.530824347895296,2.0923401529324543,0.565106434090441,0.03560872471092404,0.0
3.2868654709091225,1.3264368552351518,0.7234420560624061,0.04987303357038575,0.0
6.353872374165412,1.5141929807446743,0.6988127883755504,0.06553953499857908,0.0
4.885460154747382,2.600206953972213,1.0621801988196833,0.08649633974528849,0.0
6.237816311973462,1.6715528605143022,1.020803301110875,0.027662114503554908,0.0
3.405572341205633,1.47654450865903,0.7834787339988241,0.02129948109086294,0.0
4.400624977046228,2.268326376263643,1.0530462616418195,0.09671319527268948,0.0
5.005243699718183,2.5928520773314983,0.8359959746238204,0.019724010343876643,0.0
5.046980593764742,2.3594766553325335,0.918503466902184,0.05306419630964703,0.0
4.549934528520756,2.4980238429029082,1.502035627089561,0.06270073559139717,0.0
5.622849932347499,1.6216024557152697,1.4021383155371043,0.05872369788166945,0.0
10.174982139873887,1.2890946666290781,5.245023224856368,0.37633953481150545,3.0
4.857620514978707,2.7506668259777434,1.2489197253637523,0.015132422260325743,0.0
5.120295631711899,1.8386600805789322,1.2434189663474777,0.019493508471493212,0.0
5.514438834058749,1.8745834917724764,0.6555210133742145,0.06270289154853513,0.0
5.71161487808889,2.664097070924529,1.2456332931264582,0.058991039887088904,0.0
3.8753579081621305,2.27811500470033,1.461379575523766,0.031036671283306984,0.0
3.4658858292643777,2.2279438860408036,0.6632365581266759,0.06739967276610324,0.0
6.277676821898509,3.082501172450542,0.7247491536957209,0.08380607518500845,0.0
5.332314011979592,1.6782408848099286,1.3052984400530507,0.013742106386193439,0.0
4.251513463443446,2.4639200640406185,1.0814485932476945,0.054831694919323826,0.0
6.551151975522523,2.028506562448542,1.165442882571857,0.07203793708924214,0.0
5.1156746342928585,2.1342961394316284,1.102176764920149,0.03270807343627184,0.0
6.179297184063826,2.764234213206266,1.1172087762784433,0.03769938147638342,0.0
13.228097934478503,2.253917878144812,6.290538215867073,0.2545290793283583,2.0
7.060747924881987,2.2691480395248167,1.3141953119864345,0.09081417640993633,0.0
6.755340842443204,2.536253668654901,1.350876997728332,0.08289319782726094,0.0
4.751035851520927,1.8175236352285573,0.9311827767795917,0.3747305230664888,2.0
5.971570950954355,1.5803951663304967,0.9869569150558413,0.07571995459815244,0.0
5.645375949585148,1.477595402989483,0.5406677492332834,0.042834022318701884,0.0
6.368631557532349,1.0168217053119992,1.1542764268053505,0.0676868975288882,0.0
4.0350765394198955,3.028103564970161,1.1716172325142433,0.05195634320148013,0.0
5.686051459998439,1.4483958171391584,0.9813426949002066,0.02709425228118048,0.0
6.058424486849588,1.889373188207114,1.3373060079611507,0.07315644464895314,0.0
3.2412605135768855,1.8615933500555397,0.8997768307060179,0.06008181736139399,0.0
3.816741487334225,2.1537033489045503,1.1693817777680802,0.04227594237582323,0.0
2.9607678222398994,2.4078686062696484,0.6941006983923653,0.2511803373864933,1.0
4.730593165555442,2.4302367441798727,0.9929343547377285,0.011884070604405994,0.0
5.717542255795962,1.7084612807155308,0.9476937226291493,0.03841958361245464,0.0
6.502357052096028,1.9164391431067942,1.0675923766122826,0.015119325799988191,0.0
5.074094780419776,2.14128997524415,0.8891419213499925,0.07898745845994645,0.0
6.628615545571292,1.8756544369082264,0.9605582212984997,0.07318967087024134,0.0
3.6198985417851084,2.8036727880099965,1.247814151432452,0.03982169968626854,0.0
11.025291982278013,2.2454874758191257,5.059589914891211,0.3029155197558952,4.0
4.944452301103381,2.3674388930249086,0.5180268697783963,0.045634350357635495,0.0
5.384065448939308,2.331440634333706,1.5248751712616262,0.0780628412280191,0.0
4.967305251905907,2.5867369287426625,1.414436223607146,0.050876529646303556,0.0
2.9325578999601234,2.0905107793518534,0.6123211914683144,0.047105175504849904,0.0
4.910879960487212,1.3515840260220768,1.2069123415735583,0.0941256923939471,0.0
3.695530499495147,2.1998439758763206,0.849107568834597,0.032579118990163025,0.0
5.669672548830039,1.6743215531040856,1.079046164599318,0.02084026059969089,0.0
5.366598246096848,1.7356916591251217,1.0882672387040482,0.06260888019335124,0.0
4.060120213672644,2.2931820093775466,0.9296776599051034,0.48509210412085435,3.0
4.486133082663306,2.619141535716818,0.7648703003240811,0.0440055292354468,0.0
3.9407864781110487,2.010635788368031,0.7928376843051221,0.015583308726590337,0.0
4.937320902726828,2.154416506299482,0.7251424253556273,0.040537474057861074,0.0
5.955142320501238,2.851107472317619,0.7504533375308666,0.05553384888876027,0.0
4.014273953664456,2.1203765897442843,0.9798465129851934,0.024573070596899234,0.0
5.504046515517844,3.300841557090197,0.7852720032667745,0.0692291996250843,0.0
4.469742381627559,2.282754822815772,1.204615619713786,0.09979744501091806,0.0
4.207127167737656,1.119618620422091,1.4461738466007783,0.05065655283832995,0.0
4.892969640045442,2.376670810552266,0.8259840275889871,0.041925570105719144,0.0
3.964757677580626,2.1905791924413887,1.071821350160613,0.04606337501510201,0.0
4.446350694652818,2.644876377041373,1.14990553309088,0.020363156055568106,0.0
3.8021221074111518,2.3365906756349792,1.1416006812757824,0.08949462412836015,0.0
6.9647251329163895,1.930772008008113,1.0227865803748262,0.04733430899692168,0.0
14.583634794263062,1.387850881855317,7.643536599420263,0.37320602036590034,4.0
4.300274492007414,1.8954883713569874,1.1446746858041972,0.0693721245637427,0.0
5.213979910734222,1.57473977289535,0.6287012733018107,0.04978300788380113,0.0
4.88767195030917,1.7097382750976386,1.260746819316782,0.06834101219270615,0.0
4.779030400466777,2.294289202210305,1.2661872511800225,0.015530166111770875,0.0
5.614166700043425,2.834952252175703,0.7710141687464256,0.08323510093500047,0.0
5.757507710047305,2.1973357649114904,1.0113813506342806,0.09464535575914623,0.0
4.4694988523894725,1.4020584689824078,1.2049986978433207,0.06838888475434474,0.0
4.42418175935532,2.22230133411007,0.9372058541261915,0.09591093359729297,0.0
4.724948302848356,2.5983157433228254,1.3218934143298036,0.023628908293296697,0.0
2.698078835264415,1.695108547840309,1.7091617483858084,0.05296745705323184,0.0
3.4848089378014477,1.9329914166635411,0.7642041902095054,0.06416260605509026,0.0
6.3668742674445244,2.0073440973645984,0.5856866190538675,0.06235629826790681,0.0
6.644967713501284,1.6075508434588799,1.0911455786814628,0.0461315601180139,0.0
4.750963960443622,2.3241402169219296,1.216468751537843,0.04042759684296353,0.0
5.576556963055767,1.9395259256961093,0.9307400878465693,0.021414162029537692,0.0
5.311250154543536,2.209766221953514,1.4359781989963103,0.045256820550605044,0.0
8.078880808455239,1.55625391109895,0.5984182600830255,0.024639473359493666,0.0
6.119574911434577,1.7812708498382948,1.2078755869094833,0.07609291088429966,0.0
4.872082408519233,2.3611906789138857,0.818241753772332,0.028794784194513097,0.0
4.0444595593995745,1.8135834239541164,1.5158133718621891,0.015270877475608048,0.0
3.3935536797424275,2.8634819256167026,1.5977546059504355,0.059712952403551095,0.0
5.203463635867223,1.8001819071926988,0.7700030236649956,0.06357067594474615,0.0
4.243649254715697,2.112342362875943,0.835132859227426,0.0884721755152455,0.0
3.5777462904023256,2.466295415936545,1.2578763660939405,0.06192834511759138,0.0
4.353427115757474,1.2908171335334842,0.8838608050631456,0.04109327683511012,0.0
3.9184519963856053,1.119595594009612,0.9863766346203285,0.08227106933736886,0.0
6.687141635072565,1.2371718427149525,1.007616526162723,0.058625100386867905,0.0
14.578049325592065,2.631292051713591,6.294808025124876,0.21663357071115244,2.0
4.992027358683383,1.7240709270537766,0.9958486761717288,0.4605658492357513,3.0
6.479944138890026,3.279099642834126,0.7930816677807478,0.09172166908794963,0.0
5.077368307647618,1.7178762006713058,0.8520631532800684,0.04566813629483986,0.0
4.138715798671736,2.0922756515985186,1.4330896010406442,0.03666932217098201,0.0
6.5231240772696575,2.7710549762839376,0.6230479317162232,0.022912251131621805,0.0
5.538910043684659,3.0030464440795615,1.2439615560243933,0.023630096974182162,0.0
3.962753845673544,3.0307517883181987,0.9163111209004574,0.04894943359076371,0.0
4.8096613219163915,2.6041831152965713,0.9160719494512497,0.06361118417453766,0.0
4.124381746615243,2.5120312629057313,1.2371115688155134,0.017255386465264158,0.0
3.617200269035664,2.2962634746005914,1.1020153883706671,0.09456117301226492,0.0
5.926177547531641,2.389180538083319,1.1711838991658592,0.07796202557006764,0.0
6.9094166404701305,1.7244071418357332,1.2904553981598583,0.330504378302067,1.0
3.6014324261808586,1.5909005582888465,0.9006074850450032,0.08455948038450918,0.0
5.562969236690571,1.998312771294524,0.8163289796476749,0.017216808113090197,0.0
4.3493574308781735,1.9149076887375358,0.6744548420326606,0.0529154989959812,0.0
4.512874616235304,1.7733859753363623,0.7523768410063134,0.2678832002431421,3.0
12.43179980264226,2.3481937237283574,7.752853172706821,0.4516518010295811,2.0
4.136009230320184,2.4776526042852556,1.373403874221036,0.0805122604044341,0.0
5.048521627944827,2.0442034431459235,0.5946776901375936,0.03493623247420597,0.0
4.169049883588962,2.738765040527631,0.603262612976929,0.45749912953427746,1.0
5.2704568257798385,1.4291554429332476,1.1445598185155474,0.021191125728778334,0.0
4.949761890550863,1.903170270360141,1.1641794392133902,0.0887620256759037,0.0
4.76105195313359,1.6415888396985976,1.1646651505952093,0.09738462246441568,0.0
4.092436337958402,1.06673169146347,0.9235132619338906,0.025943817090036306,0.0
4.423228669431667,1.9586596570786503,0.9623637219991299,0.07498594577834068,0.0
5.755391225825756,1.9391262458083582,1.0983638572478072,0.013625696690019862,0.0
5.500917187624381,2.7567248716210653,1.025767901887999,0.046488054262523955,0.0
4.022444755201449,2.315405842277389,0.3342098881757395,0.05646549692779067,0.0
5.099332305429225,1.4879065878353974,0.9310601108274419,0.22950347647706396,1.0
5.751387123371789,2.927046283167094,0.744578069721906,0.09423435234237036,0.0
3.3305947188786282,2.6105168477626766,1.0525634256725536,0.07050256185647753,0.0
5.543360192379935,2.291048851734308,1.8955777007810228,0.053315015609731335,0.0
4.337376241054153,1.886757950575084,1.1102444996422913,0.08287075326393004,0.0
5.570598668593159,1.5202803816382602,0.9059410941482806,0.0955479538858968,0.0
4.236740843457483,1.8138966119644735,1.2765404505931757,0.011985953381406176,0.0
3.195117899335481,2.544374309852093,1.1448063661627639,0.09842691450304349,0.0
3.3724575621168373,2.9422931529673044,1.1260283471355523,0.01775189251573123,0.0
5.048084946661382,2.7716217641360945,1.1820551779647013,0.08329481013418852,0.0
5.259722501721482,1.755575289106863,1.6169630694488624,0.03523012772962713,0.0
4.095683374895591,1.4401912833554944,0.6607334694022253,0.02189616919784846,0.0
5.638592458777374,2.0704431234556018,1.1420896230434363,0.04958700757424515,0.0
3.33847993773104,1.115780317218574,0.7220856610055385,0.06795609215028522,0.0
4.9339202013526835,2.1615838570923906,1.1666537939026744,0.04428566605211276,0.0
3.7889838002375433,1.9261987068506656,0.7243940465541717,0.014910886745442907,0.0
4.3481638921978405,1.7669817490658788,0.8747899559184746,0.0639515025692845,0.0
5.047398671316414,1.2026484663666022,0.9114730257286281,0.09121629484996073,0.0
4.139586634716047,2.2568000532848584,1.2927450158034128,0.04448938293525266,0.0
4.615444455770175,1.7336495801690444,1.275536333182724,0.029469949986774435,0.0
6.0062928092144405,1.4150415821448559,0.6262847870660846,0.42644823750869937,1.0
4.423108130476852,0.5638688933591753,1.0164802332999545,0.01435264399439028,0.0
5.835692112065142,1.9862425474746819,0.7871260435752482,0.08384388260322474,0.0
3.870293145342382,2.886125798334872,0.6224485267973996,0.08437067298551681,0.0
5.529804177915283,2.830629607273935,0.9348948848726889,0.06292004170866657,0.0
6.4415686206579,1.7714518717068641,0.907455163463254,0.04177926000445506,0.0
2.5283554998727107,1.6988939698191097,1.7280149459036567,0.08198050280012051,0.0
4.203104744529523,2.234387128037512,1.1298879476082089,0.05992183223095306,0.0
5.57707212718054,1.5008072804058543,0.5867147497737288,0.08433390776950146,0.0
4.796954613957007,2.150895949909733,0.8305677987487173,0.06683129133247186,0.0
5.371145873371309,2.383040139192345,1.3064149886288194,0.08059649258915176,0.0
4.39601481328418,2.6134666119421537,1.6265328318609775,0.0638706693895984,0.0
5.0865897874729,1.9499229617600236,0.5242050063286126,0.047272696139409966,0.0
4.84432276460792,1.898163124911517,0.4360226844582865,0.09621512739335239,0.0
6.167782061659807,1.5610087066217195,1.5612895526115347,0.05870024423909603,0.0
5.254420843301213,1.58655982298007,1.1168842532112713,0.06445805666864846,0.0
5.337602662075202,1.8867605540492367,0.7395121804370901,0.28767468702181637,3.0
4.588123033877532,2.183682753408089,1.1603887258367305,0.06630857104845489,0.0
4.512393775927507,2.4567923131166247,0.20927567829493665,0.06144468845346496,0.0
4.5674418121803795,1.5984105246598275,1.0010126519791482,0.026635455815232245,0.0
5.394452142378297,2.7463442844797608,1.0983463518529255,0.015362838761782936,0.0
4.5790155191797375,1.8644381994787156,1.277281041861349,0.0643923387743294,0.0
5.289774856896413,1.989316352825782,0.6958312143122387,0.07873230424152886,0.0
7.075400798645439,1.6263941604260883,1.0257061484210077,0.057106123382980746,0.0
5.8711247034316925,0.7878798698635292,0.7223726121821239,0.030409536278768114,0.0
4.6739764678321585,2.4420226981805246,1.0766151267022952,0.33132951649643855,2.0
6.201213922163944,2.368421948546217,0.7313961032910927,0.017209515394864202,0.0
17.14952823551777,1.8593362214408933,6.2439853187657395,0.46730650489016345,2.0
2.961875464822146,2.033495358612436,0.7012553815629312,0.02470300825585782,0.0
3.9919136890825957,2.25796960885205,1.195340872547097,0.026601314595389502,0.0
3.1292080789741443,1.2187270715567287,1.2575353349969995,0.02820645542423833,0.0
4.648486515958691,1.7354736613268527,0.9296138290127759,0.04480363513395802,0.0
5.018418379189551,2.3971323398109137,1.0114713984880086,0.014603518505835788,0.0
6.676437312275283,1.3728552884153753,0.5654225756099367,0.04580140968361884,0.0
5.326927373764162,2.1467789660833145,0.9100970055979639,0.05605367024032308,0.0
4.780899471191136,1.3217090976882975,0.9849386148874766,0.05349648564696927,0.0
5.829405581183489,2.233214991216763,1.7862379273089926,0.04445056903627366,0.0
2.788864690992115,1.9821792588512581,0.6664098922677509,0.08552319472636773,0.0
5.235614558108566,1.1924340920472454,1.4392531716257313,0.023079402317845374,0.0
5.770865193886967,2.5823696772285856,1.2990576320397424,0.05551270694032366,0.0
3.5214137542201582,1.6327042116009753,1.0841909213470409,0.015583727526089887,0.0
6.143754043206929,1.5948737814928096,1.52758614525854,0.016404011099011878,0.0
5.338496407494414,2.1002845986154712,1.1116316417820589,0.061647926470938676,0.0
4.584712086099199,2.5743186747143576,1.1167477587003787,0.06094165823990389,0.0
5.632781866106285,1.4920890905108015,0.9840638040947364,0.08902301615600113,0.0
7.270692857804396,2.0308399249239857,1.3670706647255884,0.23216671826254626,1.0
5.1818662550584955,2.2144082501652864,1.3289407701432652,0.09638119183643652,0.0
5.248220586300336,2.346552803631572,0.8122968137511363,0.01438253635599368,0.0
4.540639100459756,2.088220777638613,0.6042258416203699,0.018820691630266697,0.0
4.150155630535208,1.816486080458339,0.9391058087813029,0.013965927541334326,0.0
5.830335816544245,1.5862048896756402,0.7599884306807061,0.026674916530018605,0.0
4.1439161740911326,2.0430719415231873,0.9809426276153934,0.05871430998475104,0.0
5.071566237219392,1.4639304940071964,1.3712314404052417,0.06810149632846853,0.0
4.522342553234884,0.5393247582526963,0.862809503473963,0.014102664215380194,0.0
5.478979825746392,2.2182799020788337,0.9871529856065275,0.09513738008610394,0.0
5.333662105286948,2.4519674205430975,1.0174068204425186,0.0857948838985343,0.0
6.037539944257899,0.8185337822290808,1.2545292646615853,0.036695123394138385,0.0
4.489983601145253,1.4951346476450311,0.32593319980461843,0.016946877720382118,0.0
4.730125064706629,2.309577130502599,0.817989911570411,0.025289836589715155,0.0
12.571523511090959,3.028747734855849,8.596940777874101,0.3899536024687317,1.0
4.555706739923888,2.010396853837704,1.3600236869280584,0.02109554013690522,0.0
5.377300493044852,1.6359985293854327,0.8524292657481385,0.26176459645349637,2.0
5.756988616645351,1.90855177944758,0.4370341881874378,0.03212626982440603,0.0
4.077834675822374,2.6874382095740925,1.185913433789841,0.042232574487623006,0.0
5.86960592010566,1.6770179104377323,0.8093912833523111,0.09905548000458902,0.0
6.3556378588049505,1.6004039966748733,0.6431000022728917,0.4731994986151665,3.0
5.413434903223701,1.7586282389089838,0.8126963830860328,0.09540826003423013,0.0
6.876795812558066,1.5233356958706439,0.9446423927032451,0.022830089952980408,0.0
4.2262108008964265,2.061335157997398,0.8185766006385362,0.04439255273493124,0.0
3.755345296688583,2.81233922923478,0.3383301828702793,0.05992586229541189,0.0
3.2212797510957216,2.1615396365580146,1.2691198590661397,0.01690822556998642,0.0
6.496044311489183,1.8738232489368563,1.3824625123836167,0.010376869926516208,0.0
5.654365656354058,1.854094365542228,1.1954565974018516,0.07033909004172258,0.0
4.944415329089545,1.2184045956516716,0.658694298872555,0.06776375651212918,0.0
5.27996862631982,2.4415548885735796,0.9395525398157446,0.4735455708618341,1.0
17.153223105291357,1.9610814014935989,6.340716148059604,0.40475351903486,2.0
7.445751979616826,1.9097600432046873,1.1796383168685731,0.04738987005328807,0.0
5.129221181975227,3.59655378392243,1.2005021466154242,0.3746712346407759,2.0
5.109394794604893,2.149376454182843,0.7797478603664513,0.040183444559571624,0.0
5.725766623898692,1.6241044749524078,1.024598666924068,0.025937402985756086,0.0
5.481009231736714,1.7868212018972283,1.1371841213845724,0.018858177019123186,0.0
5.223884024279132,2.5742228545983776,1.4367466966440299,0.09610483905004148,0.0
4.209525544554688,2.0566352052688823,1.211351961947417,0.06394237525379491,0.0
5.471468357135996,1.2808610108413165,1.2367170062126558,0.07557906558129425,0.0
6.882024496475034,2.4596144672876017,1.0251479883788084,0.03838273689395058,0.0
6.3454200461549775,1.665927957230503,1.423137743561051,0.04538324165446137,0.0
6.5931866266393975,2.9366488881087727,1.1229288387878493,0.031323159450705115,0.0
4.488784323568815,2.5400240328573243,0.7416736269479289,0.01872691038688823,0.0
4.010395179741419,1.7763390521706244,1.4210109910375572,0.026112847369742544,0.0
4.874213079900352,2.6405081808675566,1.2093709817617082,0.08177626407668373,0.0
5.055724912288695,2.0339277552637016,0.8670867936614554,0.07097912246653983,0.0
6.094191518470948,2.4263868375611097,0.8561521097802269,0.05922359883869293,0.0
3.307535370285181,2.2423664086472375,1.0889726635422285,0.052758088558009134,0.0
6.529550319460614,1.5768216725045632,1.1389554385802754,0.09301908552905121,0.0
4.8419921014210106,1.678225083841269,1.059187679689362,0.4627055382758318,4.0
14.539261364217959,2.5149804087905805,7.534998100716737,0.44634272741610415,3.0
3.9878956247398323,1.8326123339467295,1.5099872123729141,0.04149440682136427,0.0
3.3451433281342307,1.7981757683790016,1.3214629456704656,0.08041832309915091,0.0
5.823170583961915,1.5224387103253236,1.0571906773795072,0.09932631581457743,0.0
5.073317967188403,2.2117995327967304,1.282393174230245,0.03166034632814378,0.0
3.710039100258946,3.0312624596215727,0.6902428289417382,0.08868766007233726,0.0
3.704921227936384,1.4662335428728634,1.1193781149840427,0.08475604843886123,0.0
4.664215300709872,2.012109728336379,1.542791904919933,0.030219165787758996,0.0
6.669021525289393,2.7061102777077144,0.9345862313822878,0.04593993221793004,0.0
4.740408648636395,1.9601793043771425,0.7457098214142746,0.04687055823632673,0.0
3.496857046881894,2.226185898124867,0.8043733334220818,0.23139813210394436,3.0
4.754256935914055,1.4688032359265601,0.6731100887972835,0.02628027112410085,0.0
12.696300087671828,2.214153548603824,9.098385013902295,0.2050738399764822,2.0
2.3031133570584283,1.9064278674977255,0.8888475704229913,0.04007734427557989,0.0
4.945705133482188,2.4928649978399315,0.5783298942464075,0.07577833111985444,0.0
4.769065469791322,2.5936930257823754,1.004685500184881,0.04780099038660966,0.0
5.696206364813419,3.294781821009307,1.270683152135994,0.06205237868048861,0.0
6.848956094945345,2.2898165866067877,0.7276731459559239,0.08493505959935181,0.0
6.126565029547757,2.162898158291083,1.4557851770925305,0.08237490084854958,0.0
4.731111309445169,2.097192150788668,1.1532376265582784,0.289826937440932,1.0
3.8934740912583297,1.8234168535946558,1.3091741756872173,0.015365559281019313,0.0
7.57335980324986,2.1692419217308454,0.802649633844359,0.07228454977357704,0.0
5.059218434014488,1.8522992949304853,1.2563575681199848,0.02259886390495866,0.0
5.013929291912946,2.084230488134807,0.6724198298814061,0.047423671121657,0.0
4.975874912889997,2.65879876780398,1.2670742502509527,0.05937295735492197,0.0
5.198084760767855,1.4967287173601793,1.0515518019380594,0.046246553627214776,0.0
4.855639588076057,2.5699392805645225,1.165975365995435,0.05676505082227068,0.0
4.4263379931197635,2.6585575336699327,0.6473216183125445,0.09968736779187573,0.0
4.453141058759607,1.9409657365044606,0.7314790473170186,0.02216955823415693,0.0
4.9672467297840015,0.9390725504957027,1.1791684654760155,0.07079104408027831,0.0
4.456575228866235,1.6960890064527838,0.7154955987327398,0.045640086974705375,0.0
4.287154217322835,2.6484972732805545,1.138961887629737,0.021970881901659592,0.0
5.106430227691897,1.988565968850559,0.5898586580619263,0.024286308703687857,0.0
4.745022782579145,1.5003488838525447,1.2544522638000004,0.09543457956210552,0.0
6.503992988582689,1.7476125393858912,0.6302430055694472,0.08916413470405858,0.0
2.349030191606988,2.4203100132522763,1.165689981303857,0.09163377643735197,0.0
6.091506851922462,2.2733667841006895,1.1876892800938004,0.0992379498244648,0.0
6.246085192497629,1.8805339504151528,0.7909684544711275,0.02874838510076662,0.0
2.9266097675918505,1.8165877940926562,1.1746079701254182,0.041989540362765566,0.0
4.657312405919651,1.804120925478089,1.0781326790000667,0.07022971269323801,0.0
4.628559134004209,1.5387949077507488,0.8383474431421785,0.05354222858745826,0.0
3.5924883052821786,2.807687844734721,0.6974335947771375,0.047655058004050024,0.0
4.222183312409125,1.83883976539433,0.41121229249822633,0.04220301244020338,0.0
3.8894241545341712,2.608579260412748,1.104895014189908,0.0634402568749107,0.0
6.7522704434236225,2.7606580259612254,0.5305591685913835,0.06180340857760739,0.0
5.9356783931474615,2.4991554490739802,1.0286032598323924,0.39119064696140715,2.0
6.2715550949941585,1.7841898436409758,0.9209655351753253,0.05245658537665952,0.0
5.7216720640432355,2.201865045168305,1.2037428326314585,0.059812459858886495,0.0
3.870948228782771,1.9879021968045418,0.9093863501530407,0.06132582448582515,0.0
4.475479733720226,1.548149069634936,0.9011656640958726,0.028909647362111664,0.0
5.489374561227918,2.1621796408608014,1.2195612112864886,0.07680442530270581,0.0
3.7778721911080546,1.4104801044200987,1.1005174087252352,0.012267918533896267,0.0
5.712998430172388,2.5938396942307818,1.0948467871548335,0.04193486699888464,0.0
4.759674601841865,1.7676913513508035,1.140780276942558,0.08021913836820702,0.0
4.625179192450402,2.1005798279364196,0.5393283630378682,0.06075036289498622,0.0
5.7109599682034915,2.141643935773071,1.2270366039960945,0.03350461892597743,0.0
5.44426331148604,1.8705475131479614,1.1837406382040807,0.0725457807408743,0.0
4.63903383418092,2.2933469007376375,0.6949950614270508,0.061065184974046616,0.0
6.159329803364248,1.7625481716887377,0.9267758578977396,0.08166192485107485,0.0
3.9189366724001027,2.435648648728622,0.9882078137117106,0.0761522667570841,0.0
5.615935606944264,1.3270101598766257,0.9596509646794802,0.06490971298326112,0.0
5.593101257968383,2.063189789773206,1.1001579899705605,0.05393599077797327,0.0
4.690453560686009,2.9694644995291424,1.429410034549355,0.02198639131007711,0.0
5.326133022242118,1.4998343376972127,1.3245300183018487,0.37551055061559857,2.0
3.748886423614697,1.6611275147375744,0.6063342419705782,0.04771895256253768,0.0
5.924027019206901,2.2569539248294577,1.1866209970918147,0.06393693583057498,0.0
4.8150978635570105,2.089790890969799,1.3986799958606229,0.05623370696937744,0.0
4.47727697948096,2.1753150496367795,1.1160425562067608,0.03593660733635766,0.0
6.0490092258368895,2.244593565073832,1.3272941275557901,0.01058179220107395,0.0
4.29565630945724,2.317360734280885,1.6036811337102295,0.054661529971073264,0.0
3.5915387036364406,2.5548499209781115,1.3071128638320944,0.03570633897060188,0.0
3.4433708264760963,2.2049093284642565,1.0747925786925188,0.07611474706394816,0.0
5.60600995134564,1.8793711726907287,1.313526542225426,0.012155163874343514,0.0
3.719570647503717,2.3362868506013656,1.0434663499290673,0.06263450301752119,0.0
6.754794181984365,2.949940967447608,1.0071709129854867,0.09473268137554589,0.0
2.918070592116278,1.9336831268087131,0.8945757292858803,0.025696834040034956,0.0
6.696456368290038,1.5127353476646792,1.4690240076496324,0.05244845416755359,0.0
5.211017467202619,2.553540334643486,0.7544714002173996,0.018227979263542436,0.0
4.903286888129608,1.9398094180232008,1.4597103174034347,0.06631137210352174,0.0
4.4550809131910505,0.9136652269929819,1.1499592371221115,0.059547851253660314,0.0
17.089642671237776,2.423710838575211,9.530504643402129,0.3256787671812257,2.0
4.962365297575151,1.7323359070230386,1.1102947878974265,0.056923931932636715,0.0
6.103301882016521,1.9547333588479197,0.36999204770451277,0.09069171926221092,0.0
5.114227648662039,2.1659901652845073,1.1876524050493107,0.027666487207996034,0.0
5.150301761461877,2.0952498398895334,1.2655694448966974,0.012030806053481252,0.0
4.636387787786144,2.35472590856952,0.8222932133043839,0.0875498396229191,0.0
4.9430543762789325,1.7822568147150784,1.0370643087866747,0.061940537414911595,0.0
5.307801768892059,2.2565528990880415,1.5862472301250858,0.09015926099156582,0.0
3.289831607343374,1.8702266612080414,0.848275988721419,0.06372507010718553,0.0
3.651814577894287,2.3694052404437516,0.6823277238830199,0.08291449809637323,0.0
5.743264094022715,2.307683742006527,1.4444990207387796,0.04867060270196332,0.0
5.170865438127942,1.5322806489777023,1.5887761571592383,0.07748739381594419,0.0
4.8160166636473205,2.542991058087516,1.0011087015543543,0.09217373202008704,0.0
5.018433933065393,1.732018277442976,1.3034389106225068,0.06149106673499857,0.0
5.347581705361671,2.4040288991405725,1.4024427746592643,0.026270663550614158,0.0
4.460240319690638,2.1836436567006703,0.7772547302384848,0.034191785352717836,0.0
4.221695274597687,2.919091838397561,0.8544082493896396,0.02787801192076652,0.0
15.413626383961319,1.8882670088140738,6.420291945202145,0.26085597161835955,2.0
4.021627222384968,1.8253416019409012,1.5055042836125527,0.03757739044159328,0.0
5.4082527557144715,1.9902901970561337,1.1688642580523063,0.05996204080778697,0.0
3.2974163957621596,1.8484101085828624,0.7360556939493837,0.06291924665174495,0.0
6.029155637325644,2.399970950971025,1.5961183335098323,0.048384977251767505,0.0
5.472597482413043,1.1918446957817062,0.8407087306564107,0.0653878701838752,0.0
5.256029734313875,1.4731587904268229,0.8994586656485645,0.4041681998416513,1.0
5.982690983945514,1.4660985392104036,1.1027013503468863,0.0179009413352344,0.0
6.665474444462577,2.4751537959867878,1.4662481262144322,0.02546465143218926,0.0
6.014370065018131,2.8553066862909624,1.256192792965667,0.056626974823631035,0.0
3.1591257686683547,1.9477753907312643,1.124459650108573,0.029259521082848225,0.0
3.7204230332642982,1.9155891384049948,1.1389865590354318,0.03549559631433196,0.0
4.375181422304321,2.0350260815565906,1.0130544005930397,0.04602815525556947,0.0
5.026091050210834,2.5809391513040953,1.1674418543555518,0.08306795116093418,0.0
5.517659020469123,1.5363234329047128,0.24113197669170916,0.01124759223215741,0.0
4.274256186846534,2.1191844913673927,0.9110177622790605,0.06844409382129603,0.0
5.1867667644770785,2.4875988148912147,1.0723965804750344,0.07019888779366168,0.0
4.2446170676466775,2.2505470849699227,0.6546957749141479,0.0818790202320973,0.0
4.388482197008051,2.0947908082993716,1.115896995343468,0.09394776451542819,0.0
10.562139054598784,2.5005230462835706,8.737603183732524,0.41098316831973547,2.0
4.076766753889096,0.6483838535003814,1.5266427094946469,0.023840533496189458,0.0
3.6483153943836664,2.338937659765454,1.4719059175644569,0.08975541646503937,0.0
4.024126747022668,1.6729621584362881,0.8602583292645511,0.05126667059683139,0.0
6.05364179660784,1.0846835515717714,0.9547486865299915,0.06081315750401172,0.0
4.050601111168057,2.2556012997624904,0.9778157303174823,0.06967244833508326,0.0
7.63238206483739,2.6868292725814786,0.8645021571521132,0.07111599440460736,0.0
5.493317900880889,1.931275742686154,1.0585074952084381,0.09385663629848574,0.0
5.184836123694874,2.4764372736014693,0.7725153793337229,0.09972544756705028,0.0
4.141642219818786,2.8061391289943227,0.6608153995187421,0.07481417148378462,0.0
5.700309879408992,2.657457226792024,1.1868133671700805,0.035849908828463575,0.0
4.424362173762226,2.8199822646856965,1.1888588752665432,0.08917771620649093,0.0
5.122009814645361,2.3710637455359462,0.7587052721020023,0.014429882308668545,0.0
7.560084538268795,2.037716819450796,1.2686066292287799,0.03079727675870466,0.0
4.90394010027535,1.1990170940514158,0.8105266812504006,0.09076471457173434,0.0
6.149273326285676,1.8769687559350257,1.0759495714113942,0.03305723629954195,0.0
4.296823574874113,1.5783767023419042,1.2461032037837367,0.029858595365957363,0.0
4.9650115095030385,3.085471358748907,0.9899162305888861,0.022431276382622253,0.0
6.77080063563551,1.9120570937838317,1.1364222736423404,0.08732005818822249,0.0
4.373032942212233,2.061602403392243,0.8450711068337284,0.05500524332719781,0.0
6.8124485579969285,2.275742688020234,0.9410600249715708,0.07074038827487393,0.0
5.707751935455476,2.021801223186227,0.9382421707358979,0.031515974566752675,0.0
4.437533224105732,2.8475255202153766,0.7760264960379284,0.07822363789100949,0.0
12.177288996829336,1.688675319132774,8.106132652400836,0.4366781071846638,3.0
5.97255444962673,2.0973037276186215,0.5354145103408761,0.038133822241747016,0.0
5.621809962217196,1.6287647071509759,0.8526538758573686,0.04696143697092546,0.0
3.429775280109544,1.3399887443896472,0.9145373519890988,0.028872124968718077,0.0
4.272862824175132,1.6941154545473573,0.923146074251386,0.0978904920990614,0.0
4.752481364448495,1.9814816014757939,0.9275507662387663,0.06810423193525705,0.0
4.925566570899954,1.7853488877413701,0.9814707400419613,0.0941089492643964,0.0
5.620672097550678,1.653789510063072,1.1438324554258192,0.03730469892662199,0.0
5.177701000933254,1.296841268164083,1.2623551222397569,0.08037018216972008,0.0
12.222827666385854,1.9584472136856526,6.040530172981864,0.47634316405425253,3.0
5.380197851005963,1.2476398129844988,0.6390397433832566,0.07224900866798875,0.0
5.6105857452838235,2.380027981844801,0.6873866763270691,0.42077612191218466,3.0
5.559790447931039,2.0412198764672516,0.8538391236415219,0.045419980249568406,0.0
6.080780725554622,1.2712242502675348,0.8944236046550473,0.021764559123078158,0.0
5.833922154548904,1.8453954614750683,0.7690011801407628,0.07045379733196547,0.0
5.459180079228437,1.6239217972047084,0.6111650007250317,0.07563788204294856,0.0
4.929834288541353,2.15958725520959,0.8631637517577435,0.06175545161129333,0.0
3.3390390664840086,2.670225223011572,1.0544279860341914,0.028613610382005668,0.0
5.4296182191325855,1.0624137651771277,1.1785088397506693,0.05540103475024199,0.0
5.207687687163111,2.0575130395737085,0.8327730840675036,0.03809707629122165,0.0
5.271578837195373,1.9199336022166797,0.8761006533569697,0.04847198753500202,0.0
3.723251424179691,2.3356700382252327,0.7219905073458068,0.06806967182601975,0.0
3.9189434595917376,2.1065983141188447,0.9905682488875671,0.07706932684217511,0.0
6.053152853332904,1.6240153341305905,0.7454714097427556,0.030900222181120887,0.0
4.960444846143345,1.840473032166691,1.17193834397236,0.04647928245822581,0.0
5.681500697372624,1.6019870715982556,0.4642400524197666,0.03422454138924663,0.0
5.0283183761304615,2.538003569299299,0.8921110982642613,0.02787684524756822,0.0
5.0297561394957455,2.010655824335971,1.0903322017575225,0.08050484979962545,0.0
5.938283805975997,2.950595342876504,1.0551503548967514,0.09183274249932932,0.0
4.4839552717826265,1.9696695930926895,1.807910099194149,0.04332089671161191,0.0
5.0961207769409835,1.6457966165447686,1.1049400073703723,0.07761510319363903,0.0
4.537724711294958,1.2431428036935865,0.698783620947397,0.09072957604279701,0.0
4.565503772567684,1.0984301618720274,0.971360725873278,0.08615117894772084,0.0
4.690827876531361,1.2079320284972552,0.4671260999600645,0.026453204968530333,0.0
5.222133771633713,2.1335633255057416,0.9758200752109717,0.09606626933620252,0.0
4.5212513783365225,2.254362511614967,0.7500831828997724,0.04390087963865163,0.0
6.255756125573521,1.2094046489839334,1.2746170826680485,0.04053165950564527,0.0
4.105392697780496,2.447519157038058,0.8351379176213396,0.015618819455000231,0.0
4.813128355838641,1.7584694741582803,0.9649702252614261,0.05375562886943948,0.0
4.560268941725825,2.0733965059927746,0.809332647578679,0.019811225407683583,0.0
6.446977884353733,2.806110314127712,1.5216554055559994,0.03236858388346834,0.0
5.196554776511575,2.448419657932766,0.9036271701646265,0.03852483595905533,0.0
6.031844539468635,1.8657346760470839,1.5497671130437605,0.08279436911425157,0.0
3.514439626963028,1.5544038872923562,1.2442455286354799,0.08879397853563069,0.0
5.267050265869258,0.9240922993353475,1.1446200182006159,0.037221968571532274,0.0
5.889630795623437,1.64042334037879,1.110619944195256,0.08728283091201165,0.0
5.082283989275425,1.8944348805861528,1.1181391894648756,0.0871507843632812,0.0
6.065480375065351,1.506410236424408,0.421698226196317,0.07881858553463862,0.0
4.482711549899628,1.9343715164538478,0.916334981754773,0.023202560261366342,0.0
6.40934744018558,2.038425941479384,1.2535473913552964,0.07212905622106561,0.0
7.29889812361925,1.8875720090959607,0.9853308449577683,0.09505216581225119,0.0
4.637161439560341,1.6749987095882701,0.5784430459589275,0.07142864308904415,0.0
11.062138275884562,2.084327335983364,8.879386272348466,0.4603106293757717,1.0
6.453384477117701,2.2209703247847044,1.5112316548766473,0.05505213856877482,0.0
6.579572145730713,1.454800461278577,1.3740675146604158,0.06811525390159483,0.0
4.477139972846731,2.705466189873135,0.9813987971901905,0.055951336785565325,0.0
4.579813182904143,1.9507059338578692,1.285434783117426,0.020795764755787285,0.0
12.661013685373085,2.009424811472424,5.195032103814091,0.4048013457388278,4.0
3.6555494889657227,2.3541072116282784,0.48883852395198435,0.08221564274982693,0.0
4.081348053515802,2.116608065631751,0.7226602035611337,0.08752762414859658,0.0
3.9958592332479324,2.4765683169566226,1.4688666305524594,0.022357002944401322,0.0
4.232202434895871,2.143562082600912,0.9178020754512087,0.09571480771588523,0.0
4.965315112613219,1.6937813126797812,0.9269848061874946,0.039594035606374846,0.0
5.234214732536521,2.180751762603051,0.9100485411175359,0.06960823648576481,0.0
6.550500492814077,1.428136896339669,1.571240976871902,0.07766426313610131,0.0
4.001645959261209,2.0542798528882615,1.487787674608619,0.08307516111740951,0.0
5.984322398476584,1.9833850046777697,1.6656340700344403,0.09511747320033372,0.0
4.786011155774491,1.8959415713637302,0.9522864368799846,0.03816275932259404,0.0
4.950536290347567,1.9357312442805346,1.0886873466241285,0.08726558090963991,0.0
5.674819492166604,1.0590754772511803,0.5450072351737627,0.021851821309258633,0.0
3.8772779784377014,1.7256375461295193,1.4430803278354822,0.07345368157182335,0.0
5.3824097461840505,2.0464224505705575,0.6496661346196195,0.07677799565625873,0.0
5.166452208213056,2.0799281959987,1.0650326691287888,0.07099509170811885,0.0
5.4924512640081495,1.4861624295370208,0.6708092417101468,0.47445048499906345,1.0
5.289168643907818,2.6328539204323502,0.8233399519783912,0.0885738832313683,0.0
7.455300139910895,1.5669125758927496,0.7488212706850899,0.025197261703335555,0.0
4.362260015748684,2.4847286002633684,0.8176374217972546,0.014827131236874777,0.0
10.487663188131403,2.2135971809358423,9.218643963551287,0.44615225126963276,2.0
4.3768594735752355,1.6768863450780984,0.8355193615224769,0.4784042710188143,3.0
4.444522880839745,2.887655446304756,1.2500001735340922,0.08641882179628085,0.0
4.362612872693482,1.4031815841217599,0.668541162081244,0.04450574269524331,0.0
6.189016531107551,2.459577086805001,1.06616242810416,0.025145072965694154,0.0
6.420504247989855,2.500291159021489,1.3653877456916674,0.08527979732228828,0.0
4.429253706250524,1.6646898954616776,0.8460410906459812,0.059401866847606455,0.0
4.167644426895771,2.6962326500321643,0.7846243327757194,0.027027621315131943,0.0
5.471415556386404,1.8749767427005235,0.9308426124459248,0.07483455987278012,0.0
4.4477769557190285,2.1443468146399285,1.353917562508213,0.05600022746405506,0.0
5.6329318177555106,2.1301609193856104,1.0582322892860072,0.0643881684016288,0.0
5.2029230208512995,1.932845629264726,0.8406357116177204,0.05148085043859238,0.0
3.484255885002768,2.4054041365798913,1.145162995356412,0.4081589485627197,3.0
6.547505201330061,2.3967443602761067,0.6693123550490729,0.08466064441147449,0.0
14.483464705246336,1.1257340133809097,7.446194307138873,0.45712908188297474,3.0
4.387211309515614,2.6521701214390765,1.1225821923105304,0.019486123965681605,0.0
4.6122984400640155,1.1687540059821628,0.9076574586583348,0.0854968475713662,0.0
5.285865390724905,2.5162731021708287,0.7484242604658307,0.07039116824796189,0.0
5.3344567899870245,2.5633525684137917,0.7339957233149628,0.07273217494038696,0.0
5.65854427267283,1.4545167848924008,1.1604452009037731,0.042668455636348454,0.0
12.350312988119185,1.7945928560227076,8.261405564092232,0.2438289696623961,2.0
4.82305277250595,1.4471476657570321,0.8088076758913616,0.07528344402113718,0.0
4.201702755461547,1.8925394848556323,1.1375160110654452,0.0201331419876275,0.0
3.620680771985473,1.8459828579071293,0.3738918944193794,0.046700023096554646,0.0
4.269069960058081,2.3898302661346698,0.8246146808028402,0.08977423257641276,0.0
4.966873027126203,2.655154373059804,0.9906823201387294,0.01424770315276411,0.0
6.794557863517788,2.697841905394978,0.7270949749054499,0.09652749576778447,0.0
4.482388700963829,1.718915986710849,0.7190480875631212,0.07112463114876065,0.0
5.223787951638898,1.8953890631277361,0.7996661330593342,0.27953397512454464,2.0
4.983577103927248,1.158280903889525,1.087657818497912,0.03435033308391923,0.0
6.188393273448084,1.5970649667519057,0.9438012944780876,0.032391260986525935,0.0
7.526932425873621,2.4824258165487287,0.3285306300025084,0.0947852397539736,0.0
14.320672850666178,2.807791411774116,8.981953613098543,0.3423600687867322,3.0
4.510560557481778,1.382825564060039,0.8179404466428474,0.07979547670470995,0.0
6.044160877069072,1.7037678704235528,1.1373059758160655,0.04538096183863713,0.0
5.681891489626311,1.9867971215205364,0.1757485471824296,0.022532866370623357,0.0
6.846707325736034,2.1400805794098035,0.8500809471545108,0.010964376792582305,0.0
13.443080333199593,1.5951982400391769,5.3088119314509985,0.38905252546611246,4.0
4.64070790921294,2.2120305222320447,1.4165013334625343,0.09782009366940395,0.0
5.590654830692309,1.763080326464542,0.8844934564861409,0.043222257442828406,0.0
6.108703580582908,1.9927738645608604,1.1148966954222785,0.04214731005937404,0.0
5.820482181197364,2.2731421240018497,1.0423771420262389,0.040968245606449794,0.0
5.507274031107298,2.003211134905469,0.3608300560578398,0.056848945357437265,0.0
6.066674689589154,1.7818070547367157,1.230462164989521,0.04965983950818643,0.0
6.169295590445673,1.9451950980370847,1.0646189516368865,0.08919231640543131,0.0
6.382158991037527,1.9558185203973324,1.1524805919023768,0.055496871255114134,0.0
5.648709887589643,1.8149944850589361,2.1778713119308977,0.055698205436971196,0.0
4.832881919683146,1.8706019686664488,0.3747661181504235,0.022453443524850097,0.0
5.146713686433323,2.7993235852523584,1.5174089949283325,0.09844655868193475,0.0
6.206508966508357,2.2804597239706195,0.9137657441798933,0.032497560178194676,0.0
4.183064329012764,1.8522598409854198,1.0861986713209029,0.01660276607136424,0.0
5.368673308872901,2.348477202255368,0.9863463264096274,0.0696831624077688,0.0
4.606661187672639,1.833090255121995,0.872729099980587,0.06358297331411854,0.0
5.028744822934818,2.5865623187933204,0.8290501215283723,0.04736310885934712,0.0
6.278451862607299,2.184821096099047,1.0988526206719027,0.04799730104926103,0.0
5.191099068019903,1.9463489279978856,0.5448478909984963,0.08065575289417881,0.0
5.046436548156149,2.223858462905139,1.2251737502565296,0.027614137608968414,0.0
3.640143859020081,1.2145619239657504,0.8751416785344238,0.08382279870504009,0.0
5.746253566027221,1.4366162655450974,0.6609791982878928,0.06838724025055164,0.0
5.645484181141075,1.4030374968004722,0.8649961426012559,0.0477072796401572,0.0
7.16325472330546,2.0714715473818535,1.3771447650587718,0.05122257549254818,0.0
4.692221765046999,2.866257499742546,0.839399473895133,0.033098248646748624,0.0
5.219150327663939,3.115650073096316,1.1075360854628862,0.07769028994272774,0.0
5.2493836837107555,2.3190255507203785,0.7807131172853581,0.05615872680747411,0.0
6.577453279763475,2.2504222374722285,1.2273765549770859,0.03887690884748593,0.0
4.904704467613048,1.0994711329236306,1.2056523216370612,0.06364451041848553,0.0
5.2790215257703395,1.728663100132989,1.5545826499889235,0.09961610068461908,0.0
5.607896509716539,1.6061081240458805,0.9473308163502353,0.049173605169089855,0.0
5.186609123156358,1.689576200874442,1.200596441427372,0.09286222607007577,0.0
4.5535663854494715,1.9159280907076053,1.0294202618616834,0.041051515593210956,0.0
5.1940899928983075,1.7639547111514364,1.3887615345589044,0.014925943623248731,0.0
6.073631749859772,1.010350094812106,0.7843502837173809,0.0283817895731586,0.0
3.9734847005889398,2.3739551280587667,1.2235015938631844,0.04768256289949158,0.0
5.132969674146876,1.4636284871300966,0.9415908111649955,0.029767143573511214,0.0
4.299879185060827,2.1196234320555747,0.9807435468674507,0.010020433439642998,0.0
6.1950466289248425,3.0370413348749867,1.027525745334512,0.09235013839727746,0.0
3.476813095216225,1.5403077042067883,1.0756721189280032,0.08594914701078361,0.0
4.441078152728411,0.7348562386268351,0.9651312870634126,0.07680630083382524,0.0
5.377211875064521,1.8569978890599446,1.064413954951158,0.02510331360814258,0.0
6.56552402923434,2.5504798174992853,1.4734354172686555,0.020832721858898746,0.0
4.934249738927012,2.9791737271102967,1.2956349056845655,0.016084427452514483,0.0
4.444800473306802,1.3852252027737917,1.260746377749069,0.07516262698956291,0.0
6.88115706944059,2.248349611618261,0.8633381421928388,0.09359271646190968,0.0
3.5519860995837558,1.7673447716099733,0.7332277515315027,0.048748223882173335,0.0
2.801194043379918,1.9470258228479322,1.2865901674713258,0.020722660479644335,0.0
5.440014450053332,3.3221716735085174,1.2628140377589383,0.056115353865889596,0.0
4.497945775647389,1.2485148358024234,1.4418012027252947,0.041394871671276715,0.0
3.9787671828692868,2.1268698307472866,0.8188058122092312,0.0437342431914998,0.0
5.708356447299353,2.233846585882717,0.9311354033918959,0.06591975617401366,0.0
5.243800713771199,2.5428931624696736,0.5081547512423698,0.07468463019359821,0.0
4.435921369263272,2.048991576735448,0.8822586681817381,0.019954323898584477,0.0
3.7196956013291054,2.154025269752051,1.2989711531738342,0.013203120772582875,0.0
5.872457328280145,1.8041757162891043,0.8600513862315406,0.09948972724171434,0.0
5.650201177958661,2.134563470622554,1.192143938560247,0.03094555140239967,0.0
4.900824136220617,1.8284038622512948,0.9428490682006566,0.014844747241761318,0.0
6.846636996047666,2.3107859449280252,1.0972171084664681,0.027088779618632798,0.0
3.9299152336738477,1.815194831978183,0.6556925830552998,0.27906544384903337,2.0
3.474474829075261,2.1885501969510934,1.0255628348901704,0.045262980515545455,0.0
4.3080919301187555,1.985368593157511,0.10265920872978307,0.08221616060061919,0.0
4.9544139836445025,2.5630251253860843,0.9439311525514046,0.04071200047819486,0.0
5.243339449322692,1.974303138205757,0.510858026885458,0.04997650661905299,0.0
4.75876394214367,1.1134837658965593,1.3617983549640447,0.0708028096210695,0.0
5.352055396514297,2.630960750356996,1.2332222058293534,0.05580046630628922,0.0
3.748460575809556,1.5471338495686906,1.1400012945898244,0.08753011174191919,0.0
6.44376460407326,1.6731168306755901,1.456301868147814,0.0879432107541181,0.0
4.917848821607431,1.702169352978254,0.7153250437525489,0.010891962594203828,0.0
6.117295831588128,2.6872190465854087,1.5242089593746675,0.08002416758348793,0.0
5.342725346377704,0.9321628930106522,1.2796574692781153,0.051466024021750656,0.0
5.456753219153784,3.568874266829997,0.9290334138343161,0.09899564871732969,0.0
5.569767280232204,2.5280284045330257,1.3406860441548831,0.05349088682878917,0.0
5.447708560017315,2.1116194570645797,0.6681119462765097,0.09882063508494678,0.0
17.274770779964967,1.9725529996918567,8.93252856764061,0.24308641342064488,1.0
6.329152530132431,2.1427770374288286,0.8174230830280899,0.44625470277893864,3.0
5.19652116970147,2.260561214189669,0.8413066875807954,0.0584555481358262,0.0
5.709003757588512,2.3226077929750284,0.6830327071719242,0.09929220755307246,0.0
4.910264305712773,2.277802233001724,1.3669249201285976,0.08717775469767314,0.0
6.440117215449472,2.044790340627624,0.9223436798890505,0.0187630204412099,0.0
4.32360769794073,1.901330789846337,1.1057514905070638,0.07357347971289965,0.0
6.800940432910815,1.9243633581732442,0.8288945900758958,0.04110216272837318,0.0
4.9598420493556565,1.9025458598236595,0.4538190098354449,0.01062840356923133,0.0
3.569224897881952,2.5668850484335324,1.0810172075174267,0.04631328721242997,0.0
5.128104414910789,2.296778361140431,0.426323507374067,0.4104497304395498,2.0
4.318948342525119,0.5298056826678599,0.9794097861743594,0.08369823434684244,0.0
5.840643548988724,2.3279503882648807,0.5895054883501569,0.0403597547961189,0.0
4.3473760206976095,2.0973680973593876,1.5961827997692424,0.08447713245584354,0.0
4.55381656678522,1.9906456217770514,1.2734088166524165,0.010053814495131578,0.0
3.110459269054469,1.805740773455557,1.0317261373814441,0.037703723502350725,0.0
4.547693680750923,2.5620563599930066,1.3791120032964006,0.03170486928769858,0.0
2.5761206733710433,2.473763231061429,0.7461052067602792,0.031021062496174992,0.0
3.4160971765142767,1.6135611660881954,1.163043813601028,0.016136795778891645,0.0
5.760414656144297,2.2035261435622675,1.0599431301156141,0.026841184336945156,0.0
5.785800158650832,1.514171632729357,1.079206024400101,0.0599994612897058,0.0
5.425457561784965,1.3101909176055346,1.3817060500320304,0.036222496555397006,0.0
4.033023856870787,1.6866413877050175,1.2197476308339406,0.04756553040962332,0.0
4.9522886438580205,2.4311967361913793,1.086617098847507,0.043918019231246976,0.0
4.9963974609094315,2.4765625226880434,0.5035337691315112,0.08883144324999051,0.0
3.8416353108074572,2.2565427100486466,0.711986111416161,0.0914769099109464,0.0
6.503398301767151,2.3625478934239985,0.9631873199212828,0.05436612744902741,0.0
5.877362290575672,2.2580891435574793,1.0280117122829955,0.0397140355284044,0.0
4.779035826170336,1.6792592023885238,0.6609388825978229,0.2780144120757302,3.0
5.026885838994531,2.2159612723369704,1.7235030026735263,0.09580625914438856,0.0
5.208382807947553,2.400204762613841,1.454918216576072,0.35562435413441285,4.0
2.9582651315757094,2.377145664906787,1.180635496117745,0.036788524981145244,0.0
4.752822617479403,2.5944566857373212,1.0216110583851234,0.03682595810530038,0.0
4.318015752002202,2.354151923600532,0.9363373090296545,0.038836115752619346,0.0
3.9983799901050845,2.1757241037707913,0.7144244619933293,0.02478581589451684,0.0
4.718899707114045,2.535075119158214,1.0232441555556588,0.08048452878313275,0.0
6.797686526849523,1.9867393703754699,1.0773257620428252,0.02102480757693903,0.0
5.64084286126701,1.559062674386141,0.6274718273555127,0.06714159932378466,0.0
4.428821010217203,1.918466518028118,1.1002529251734692,0.021146142403523572,0.0
5.572582781356159,1.6275486775967756,0.9534222853525753,0.016348207383366092,0.0
